movietitle;gross;budget;duration;titleyear;directorfl;actor1fl;actor2fl;actor3fl;castfl;facenumber_in_poster;genre
10 Days in a Madhouse;14616;12000000;111;2015;0;1000;445;247;2059;1;Drama
12 Years a Slave;56667870;20000000;134;2013;0;2000;660;500;4251;0;Drama
13 Going on 30;56044241;37000000;98;2004;56;3000;2000;533;6742;1;Comedy
21 & Over;25675765;13000000;93;2013;24;552;528;499;2730;0;Comedy
21 Grams;16248701;20000000;124;2003;0;6000;979;430;7567;0;Drama
25th Hour;13060843;15000000;108;2002;0;22000;3000;346;26050;0;Drama
27 Dresses;76806312;30000000;111;2008;98;2000;805;71;2978;1;Comedy
3 Strikes;9821335;6000000;82;2000;69;939;706;585;3354;1;Comedy
30 Days of Night;39568996;32000000;113;2007;171;430;72;63;814;0;Terror
40 Days and 40 Nights;37939782;17000000;96;2002;36;1000;580;486;3294;0;Comedy
50 First Dates;120776832;75000000;99;2004;88;11000;427;328;12952;2;Comedy
8 Mile;116724075;41000000;110;2002;161;1000;418;196;1954;0;Drama
90 Minutes in Heaven;4700361;5000000;121;2015;35;4000;849;473;6617;0;Drama
A Beautiful Mind;170708996;58000000;135;2001;2000;1000;592;535;2827;0;Drama
A Better Life;1754319;10000000;98;2011;129;749;252;221;2214;0;Drama
A Cinderella Story;51431160;20000000;95;2004;15;1000;852;528;3092;2;Comedy
A Guy Thing;15408822;20000000;101;2003;13;651;555;499;2698;3;Comedy
A Haunted House;40041683;2500000;86;2013;89;713;584;555;3421;6;Comedy
A Haunted House 2;17314483;4000000;86;2014;89;986;713;511;4073;2;Comedy
A Home at the End of the World;1029017;6500000;97;2004;15;18000;986;874;21107;2;Drama
A Knight's Tale;56083966;65000000;144;2001;241;13000;3000;996;18761;1;Action
A Million Ways to Die in the West;42615685;40000000;136;2014;3000;14000;9000;3000;28927;3;Comedy
A Single Man;9166863;7000000;99;2009;192;14000;343;292;14816;2;Drama
A Walk to Remember;41227069;11000000;101;2002;163;683;548;488;2436;1;Drama
Aeon Flux;25857987;62000000;93;2005;45;9000;460;352;10185;0;Action
About Last Night;48637684;12500000;100;2014;38;833;807;460;2800;4;Comedy
Across the Universe;24343673;45000000;133;2007;278;5000;117;107;5405;0;Drama
After Earth;60522097;130000000;100;2013;0;10000;943;894;14168;0;Action
Against the Ropes;5881504;39000000;110;2004;534;865;534;511;2972;2;Drama
Alex & Emma;14208384;30000000;96;2003;0;372;206;130;977;2;Comedy
"Alexander and the Terrible; Horrible; No Good; Very Bad Day";66950483;28000000;81;2014;44;35000;7000;3000;47677;6;Comedy
Ali;58183966;107000000;165;2001;0;10000;851;780;14196;1;Drama
Alice in Wonderland;334185206;200000000;108;2010;13000;40000;25000;11000;79957;0;Action
Alice Through the Looking Glass;76846624;170000000;113;2016;33;40000;25000;11000;80806;1;Action
All About Steve;33860010;15000000;99;2009;3;14000;982;628;16461;3;Comedy
All the Pretty Horses;15527125;57000000;220;2000;0;13000;861;820;15006;2;Drama
All the Real Girls;548712;2500000;108;2003;234;11000;552;463;12385;0;Drama
Along Came Polly;87856565;42000000;90;2004;29;22000;923;650;24534;1;Comedy
Alvin and the Chipmunks;217326336;60000000;92;2007;25;1000;718;639;2847;0;Comedy
Alvin and the Chipmunks: The Squeakquel;219613391;75000000;88;2009;84;1000;1000;1000;5227;0;Comedy
American Dreamz;7156725;19000000;107;2006;80;2000;2000;841;5992;6;Comedy
American Gangster;130127620;100000000;176;2007;0;18000;782;561;20354;0;Drama
American Hustle;150117807;40000000;138;2013;737;34000;23000;14000;83012;5;Drama
American Outlaws;13264986;35000000;94;2001;10;694;605;141;1668;2;Action
American Pie 2;145096820;30000000;108;2001;6;3000;1000;1000;7872;0;Comedy
American Psycho;15047419;7000000;102;2000;126;23000;1000;517;25462;1;Drama
American Reunion;56724080;50000000;113;2012;22;3000;1000;1000;8398;7;Comedy
American Wedding;104354205;55000000;74;2003;58;3000;864;729;5713;3;Comedy
America's Sweethearts;93607673;48000000;102;2001;148;8000;973;135;9176;4;Comedy
Amigo;183490;1700000;124;2010;407;38;8;7;60;0;Drama
An American Carol;7001720;12000000;83;2008;119;885;816;633;2907;2;Comedy
An Everlasting Piece;75078;14000000;103;2000;272;736;450;70;1403;4;Comedy
An Unfinished Life;8535575;30000000;108;2005;529;11000;329;83;11519;3;Drama
Analyze That;32122249;60000000;96;2002;11000;22000;394;236;22889;1;Comedy
Anchorman 2: The Legend Continues;2175312;50000000;143;2013;285;11000;8000;7000;28176;2;Comedy
Anchorman: The Legend of Ron Burgundy;84136909;26000000;98;2004;285;640000;8000;7000;656730;5;Comedy
Angel Eyes;24044532;38000000;102;2001;43;308;285;280;1440;0;Drama
Angels & Demons;133375846;150000000;146;2009;2000;15000;745;294;16948;2;Terror
Annabelle;84263837;6500000;99;2014;40;1000;421;300;2323;0;Terror
Antwone Fisher;21078145;12500000;117;2002;18000;18000;638;543;20456;0;Drama
Anything Else;3203044;18000000;108;2003;11000;11000;944;922;14843;2;Comedy
Aquamarine;18595716;12000000;104;2006;20;836;826;717;3963;3;Comedy
Arnolds Park;23616;600000;103;2007;0;23;20;20;85;4;Terror
"As Above; So Below";21197315;5000000;93;2014;66;1000;200;161;1410;0;Terror
August Rush;31655091;30000000;114;2007;59;49000;702;403;50927;0;Drama
August: Osage County;37738400;25000000;121;2013;53;19000;11000;8000;39690;3;Drama
Auto Focus;2062066;7000000;105;2002;261;783;658;617;2684;3;Drama
Autumn in New York;37752931;40000000;103;2000;643;24000;1000;586;26938;2;Drama
Avatar;760505847;237000000;178;2009;0;1000;936;855;4834;0;Action
Avengers: Age of Ultron;458991599;250000000;141;2015;0;26000;21000;19000;92000;4;Action
Awake;14373825;8600000;84;2007;8;4000;922;896;6954;0;Terror
Baby Mama;60269340;30000000;99;2008;5;2000;1000;966;6930;2;Comedy
Bachelorette;418268;3000000;87;2012;21;4000;3000;416;8353;3;Comedy
Bad Grandpa;101978840;15000000;102;2013;79;925;38;27;1018;0;Comedy
Bad Lieutenant: Port of Call New Orleans;1697956;20000000;122;2009;0;12000;463;407;13809;2;Drama
Bad Moms;55461307;20000000;100;2016;24;15000;1000;851;18786;9;Comedy
Bad Teacher;100292856;20000000;97;2011;52;3000;957;384;5547;0;Comedy
Baggage Claim;21564616;8500000;96;2013;68;3000;1000;1000;8097;9;Comedy
Batman Begins;205343774;150000000;128;2005;22000;23000;14000;11000;59558;0;Action
Batman v Superman: Dawn of Justice;330249062;250000000;183;2016;0;15000;4000;2000;24450;0;Action
Battle Los Angeles;83552429;70000000;116;2011;473;833;697;464;4001;0;Action
Battle of the Year;8888355;20000000;110;2013;9;997;941;826;3177;19;Drama
Battlefield Earth;21471685;44000000;119;2000;64;743;117;41;971;0;Action
Be Cool;55808744;53000000;118;2005;473;12000;1000;680;15889;4;Comedy
Beastly;27854896;17000000;86;2011;33;15000;976;583;17396;1;Drama
Beasts of the Southern Wild;12784397;1800000;93;2012;188;2000;458;168;2658;0;Drama
Beautiful Creatures;19445217;60000000;124;2013;98;1000;852;592;3580;7;Drama
Bedazzled;37879996;48000000;93;2000;11000;3000;575;484;5390;2;Comedy
Bedtime Stories;109993847;80000000;99;2008;163;11000;869;495;12831;0;Comedy
Beer League;475000;2800000;86;2006;3;833;549;327;2753;2;Comedy
Beerfest;19179969;17500000;110;2006;422;33000;459;422;35345;2;Comedy
Before Midnight;8114507;3000000;109;2013;0;140;63;48;328;1;Drama
Before Sunset;5792822;2700000;80;2004;0;50;8;3;65;0;Drama
Begin Again;16168741;8000000;104;2013;109;480;12;7;517;1;Drama
Bella;8108247;3300000;91;2006;38;625;464;377;2747;0;Drama
Best in Show;18621249;6000000;90;2000;378;957;925;658;4611;9;Comedy
Beyond the Lights;14612840;7000000;116;2014;107;893;664;658;3110;1;Drama
Beyond the Sea;6144806;23000000;118;2004;18000;18000;5000;286;23689;1;Drama
Big Eyes;14479776;10000000;106;2014;13000;11000;430;309;12418;3;Drama
Big Miracle;20113965;40000000;107;2012;42;875;596;171;1702;3;Drama
Big Momma's House 2;70163652;40000000;99;2006;14;17000;826;633;19334;0;Comedy
Black Christmas;16235293;9000000;94;2006;17;607;318;179;1611;0;Terror
Black Hawk Down;108638745;92000000;152;2001;0;2000;820;557;4270;0;Drama
Black Mass;62563543;53000000;123;2015;108;40000;19000;3000;63769;7;Drama
Black Nativity;7017178;17500000;93;2013;148;549;269;170;1373;5;Drama
Black or White;21569041;9000000;121;2014;57;1000;837;664;3745;2;Drama
Black Snake Moan;9396487;15000000;116;2006;153;3000;788;539;5012;0;Drama
Blades of Glory;118153533;61000000;93;2007;8;8000;1000;970;13232;2;Comedy
Blended;46280507;40000000;117;2014;153;35000;11000;734;49743;0;Comedy
Blonde Ambition;5561;10000000;93;2007;7;906;848;611;4725;1;Comedy
Blow;52937130;30000000;124;2001;47;40000;1000;877;43453;1;Drama
Blue Car;464126;1000000;88;2002;22;638;400;275;1641;0;Drama
Blue Crush;40118420;30000000;104;2002;134;585;495;64;1165;3;Drama
Blue Jasmine;33404871;18000000;98;2013;11000;594;268;218;1353;1;Drama
Blue Valentine;9701559;3500000;112;2010;310;33000;2000;616;35941;0;Drama
Boat Trip;8586376;20000000;97;2002;2;890;852;461;3161;4;Comedy
Bobby;11204499;14000000;112;2006;0;12000;593;383;13528;0;Drama
Borat: Cultural Learnings of America for Make Benefit Glorious Nation of Kazakhstan;128505958;18000000;82;2006;119;332;165;6;505;1;Comedy
Born to Fly: Elizabeth Streb vs, Gravity;21199;500000;82;2014;0;0;0;0;0;1;Action
Boyhood;25359200;4000000;165;2014;0;230;193;127;673;0;Drama
Boynton Beach Club;3123749;1500000;105;2005;39;267;225;183;1231;8;Comedy
Brüno;59992760;42000000;81;2009;119;468;442;412;2134;1;Comedy
Bride Wars;58715510;30000000;89;2009;56;11000;826;545;13794;2;Comedy
Bridesmaids;169076745;32500000;131;2011;176;722;655;460;3229;6;Comedy
Bring It On;68353550;10000000;98;2000;235;4000;464;229;5270;1;Comedy
Bringing Down the House;132541238;33000000;105;2003;163;1000;409;338;2505;2;Comedy
Brokeback Mountain;83025853;14000000;134;2005;0;15000;13000;11000;39789;0;Drama
Brooklyn Rules;398420;8000000;99;2007;30;480;257;209;1234;3;Drama
Brotherly Love;444044;1900000;89;2015;47;628;606;585;4249;6;Drama
Bucky Larson: Born to Be a Star;2331318;10000000;97;2011;105;982;503;269;2603;1;Comedy
Burlesque;39440655;55000000;119;2010;59;2000;828;676;4315;1;Drama
By the Sea;531009;10000000;122;2015;11000;11000;11000;188;22319;0;Drama
Cadillac Records;8134217;12000000;109;2008;67;436;223;192;1141;3;Drama
Captain America: Civil War;407197282;250000000;147;2016;94;21000;19000;11000;64798;0;Action
Captain America: The First Avenger;176636816;140000000;124;2011;394;11000;3000;2000;19761;0;Action
Captain America: The Winter Soldier;259746958;170000000;136;2014;94;19000;11000;2000;36188;1;Action
Case 39;13248477;27000000;109;2009;22;14000;716;355;15790;1;Terror
Catch Me If You Can;164435221;52000000;141;2002;14000;29000;15000;3000;48153;0;Drama
Catch That Kid;16702864;18000000;91;2004;38;17000;632;362;18711;0;Comedy
Center Stage;17174870;18000000;115;2000;13;757;220;111;1201;2;Drama
Certifiably Jonathan;7826;1200000;85;2007;0;49000;931;924;54484;10;Comedy
Chain Letter;143000;5000000;88;2009;26;487;298;236;1495;0;Terror
Charlie St, Cloud;31136950;44000000;99;2010;23;405;268;135;1066;1;Drama
Chasing Liberty;12189514;23000000;101;2004;3;448;143;120;842;0;Comedy
Chasing Mavericks;6002756;20000000;116;2012;150;18000;1000;956;21200;2;Drama
Cheaper by the Dozen;138614544;40000000;94;2003;189;3000;2000;597;7014;15;Comedy
Chicago;170684505;45000000;113;2002;252;539;151;90;813;0;Comedy
Christmas with the Kranks;73701902;60000000;99;2004;148;2000;843;660;6729;1;Comedy
Cinderella;201148159;95000000;105;2015;0;2000;520;502;4671;1;Drama
Cinderella Man;61644321;88000000;144;2005;2000;680;655;537;2523;0;Drama
City of Ember;7871693;55000000;90;2008;27;13000;2000;260;15494;0;Action
Clash of the Titans;163192114;125000000;106;2010;255;14000;1000;850;18003;0;Action
Clerks II;24138847;5000000;97;2006;0;1000;898;657;2990;3;Comedy
Closer;33987757;27000000;98;2004;0;20000;8000;23;28027;2;Drama
Coach Carter;67253092;30000000;136;2005;49;17000;807;730;20299;0;Drama
College;4693919;6500000;94;2008;0;1000;1000;664;4484;0;Comedy
Come Early Morning;117560;6000000;97;2006;781;596;206;90;1081;0;Drama
Confidence;12212417;15000000;97;2003;164;436;324;308;1172;3;Terror
Connie and Carla;8054280;20000000;108;2004;54;786;567;463;2730;3;Comedy
Copying Beethoven;352786;11000000;104;2006;238;60;35;22;150;0;Drama
Coraline;75280058;60000000;100;2009;253;309;229;57;647;1;Comedy
Corky Romano;23978402;11000000;86;2001;5;584;580;532;3850;1;Comedy
Couples Retreat;109176215;60000000;113;2009;0;4000;722;721;8172;6;Comedy
Courage;2246000;20000000;118;2015;14;2000;769;400;3384;4;Drama
Courageous;34522221;2000000;129;2011;589;690;589;341;2300;7;Drama
Crazy Heart;39462438;7000000;112;2009;108;12000;628;175;13172;0;Drama
Crazy/Beautiful;16929123;14000000;135;2001;134;4000;1000;525;6214;2;Drama
Creed;109712885;35000000;133;2015;0;13000;597;531;15106;1;Drama
Crossover;7009668;5600000;95;2006;17;592;378;255;2000;6;Action
Daddy Day Camp;13235267;6000000;89;2007;0;555;484;405;1752;2;Comedy
Daddy Day Care;104148781;60000000;92;2003;41;1000;955;522;4050;1;Comedy
Daddy's Home;150315155;50000000;96;2015;51;8000;2000;322;10886;2;Comedy
Dallas Buyers Club;27296514;5000000;117;2013;212;11000;3000;896;17738;0;Drama
Darkness;22160085;10600000;103;2002;57;541;451;132;1228;0;Terror
Darkness Falls;32131483;11000000;96;2003;474;1000;970;82;2212;0;Terror
Date Movie;48546578;20000000;85;2006;64;3000;869;729;6539;0;Comedy
Dave Chappelle's Block Party;11694528;3000000;100;2005;1000;989;744;220;2165;0;Comedy
Death at a Funeral;8579684;9000000;87;2007;0;22000;557;548;24324;0;Comedy
Deliver Us from Evil;30523568;30000000;118;2014;301;2000;1000;897;5697;0;Terror
De-Lovely;13337299;20000000;125;2004;34;427;66;65;729;7;Drama
Despicable Me;251501645;69000000;87;2010;275;7000;2000;975;11608;0;Comedy
Deuce Bigalow: European Gigolo;22264487;22000000;83;2005;2;591;489;137;1729;0;Comedy
Devil;33583175;10000000;80;2010;66;2000;904;816;5628;0;Terror
Devil's Due;15818967;7000000;89;2014;14;971;479;270;2517;0;Terror
Diary of a Wimpy Kid;64001297;15000000;94;2010;87;17000;975;569;20154;1;Comedy
Diary of a Wimpy Kid: Dog Days;49002815;22000000;94;2012;42;975;569;517;3153;2;Comedy
Diary of a Wimpy Kid: Rodrick Rules;52691009;21000000;99;2011;42;975;569;557;3567;2;Comedy
Diary of the Dead;952620;2000000;95;2007;0;569;529;192;1797;0;Terror
Dickie Roberts: Former Child Star;22734486;17000000;98;2003;39;593;517;428;2713;1;Comedy
Dirty Grandpa;35537564;11500000;109;2016;11;22000;851;411;24063;1;Comedy
Disaster Movie;14174654;25000000;88;2008;82;869;624;329;2857;0;Comedy
Divine Secrets of the Ya-Ya Sisterhood;69586544;27000000;116;2002;144;1000;482;477;3845;4;Drama
Django Unchained;162804648;100000000;165;2012;16000;29000;11000;265;40978;1;Drama
Do You Believe?;12985267;2300000;120;2015;16;2000;848;835;6752;5;Drama
DOA: Dead or Alive;480314;21000000;87;2006;23;826;816;748;4473;4;Action
Dodgeball: A True Underdog Story;114324072;20000000;92;2004;43;989;939;936;4730;0;Comedy
Dolphin Tale;72279690;37000000;113;2011;188;11000;680;631;14209;5;Drama
Dolphin Tale 2;42019483;36000000;107;2014;188;11000;641;631;13904;0;Drama
Domestic Disturbance;45207112;53000000;89;2001;17;12000;708;303;13390;1;Terror
Don't Be Afraid of the Dark;24042490;25000000;99;2010;24;3000;441;155;3744;1;Terror
Down and Out with the Dolls;58936;1200000;88;2001;0;268;44;3;318;0;Comedy
Down to Earth;64172251;30000000;87;2001;129;979;891;560;2911;1;Comedy
Dr, Dolittle 2;112950721;72000000;87;2001;41;1000;692;574;3287;0;Comedy
Draft Day;28831145;25000000;110;2014;425;3000;466;148;3757;1;Drama
Drag Me to Hell;42057340;30000000;99;2009;0;2000;1000;828;5642;0;Terror
Dreamer: Inspired by a True Story;32701088;32000000;98;2005;61;649;579;83;1400;1;Drama
Dreamgirls;103338338;70000000;130;2006;386;912;549;525;2856;0;Drama
Drive;35054909;15000000;100;2011;0;33000;745;228;34337;0;Drama
Dumb and Dumber To;86208010;35000000;109;2014;101;13000;899;839;16179;1;Comedy
Dumb and Dumberer: When Harry Met Lloyd;26096584;19000000;85;2003;14;577;291;244;1653;0;Comedy
Duplex;9652000;40000000;89;2003;0;1000;627;500;3096;0;Comedy
DysFunktional Family;2223990;3000000;89;2003;269;489;26;24;539;1;Comedy
Earth to Echo;38916903;13000000;91;2014;13;803;587;140;1921;0;Action
Eastern Promises;17114882;25000000;96;2007;0;10000;6000;509;17211;1;Terror
Easy A;58401464;8000000;92;2010;87;15000;1000;424;16982;1;Comedy
Eat Pray Love;80574010;60000000;140;2010;708;11000;8000;745;20440;1;Drama
Edge of Tomorrow;100189501;178000000;113;2014;218;10000;854;509;12652;1;Action
Elf;173381405;33000000;97;2003;4000;22000;11000;8000;43354;1;Comedy
Ella Enchanted;22913677;35000000;96;2004;13;11000;1000;973;17292;1;Comedy
Employee of the Month;28435406;12000000;103;2006;27;1000;809;534;4441;2;Comedy
Enchanted;127706877;85000000;107;2007;36;283;142;118;662;2;Comedy
Ender's Game;61656849;110000000;114;2013;151;11000;635;430;12908;4;Action
Endless Love;23393765;20000000;104;2014;19;15000;989;942;18760;0;Drama
Enemy at the Gates;51396781;68000000;131;2001;218;5000;35;29;5103;1;Drama
Envy;12181484;40000000;99;2004;272;1000;87;62;1189;1;Comedy
Eragon;75030163;100000000;104;2006;14;3000;762;203;4487;0;Action
Erin Brockovich;125548685;52000000;131;2000;0;8000;883;658;10003;0;Drama
EuroTrip;17718223;25000000;93;2004;17;13000;634;360;14180;5;Comedy
Evan Almighty;100289690;175000000;96;2007;293;87000;11000;7000;108016;0;Comedy
Evil Dead;54239856;17000000;96;2013;201;394;150;58;673;0;Terror
Exorcist: The Beginning;41814863;50000000;125;2004;212;613;422;394;1970;0;Terror
Extract;10814185;8000000;92;2009;406;24000;15000;968;41867;6;Comedy
Extraordinary Measures;11854694;31000000;106;2010;12;11000;3000;946;17560;2;Drama
Factory Girl;1654367;7000000;99;2006;60;4000;787;628;6526;0;Drama
Fahrenheit 9/11;119078393;6000000;122;2004;909;503;328;282;1448;0;Drama
Failure to Launch;88658172;50000000;95;2006;9;14000;11000;11000;37967;2;Comedy
Falcon Rising;8691;4500000;103;2014;249;2000;298;261;3089;1;Action
Fantastic Four;56114221;120000000;100;2015;128;596;360;78;1261;3;Action
Far from Heaven;15854988;13500000;107;2002;162;2000;258;135;2447;2;Drama
Fat Albert;48114556;26000000;93;2004;38;1000;641;631;4604;1;Comedy
Fifty Shades of Black;11675178;5000000;92;2016;89;729;706;355;2848;4;Comedy
Fifty Shades of Grey;166147885;40000000;129;2015;456;1000;935;716;4585;0;Drama
Filly Brown;2833383;427000;80;2012;8;2000;245;183;2459;1;Drama
Final Destination;53302314;23000000;98;2000;70;1000;847;591;3345;1;Terror
Final Destination 2;46455802;26000000;90;2003;160;748;439;392;3172;0;Terror
Final Destination 5;42575718;40000000;92;2011;77;703;682;495;3074;0;Terror
Finding Forrester;51768623;43000000;136;2000;835;670;370;225;1801;1;Drama
Finding Neverland;51676606;25000000;101;2004;395;40000;14000;2000;58823;1;Drama
Finishing the Game: The Search for a New Bruce Lee;52850;500000;84;2007;681;239;172;143;734;0;Comedy
Fireproof;33451479;500000;122;2008;589;848;153;150;1164;0;Drama
Firewall;48745150;50000000;105;2006;12;87000;11000;935;101383;1;Terror
Flags of Our Fathers;33574332;90000000;135;2006;16000;23000;638;310;24468;0;Drama
Flash of Genius;4234040;20000000;119;2008;18;20;18;9;64;0;Drama
"For a Good Time; Call,,,";1243961;850000;88;2012;15;938;904;567;3770;0;Comedy
For Your Consideration;5542025;12000000;86;2006;378;957;925;783;3535;0;Comedy
Fort McCoy;73678;3000000;100;2011;27;1000;902;847;4374;1;Drama
Freaky Friday;110222438;26000000;97;2003;70;2000;528;512;3984;2;Comedy
Freddy Got Fingered;14249005;15000000;87;2001;374;826;503;484;2689;1;Comedy
Freeheld;532988;7000000;103;2015;6;7000;1000;935;9660;0;Drama
Frida;25776062;12000000;123;2002;278;4000;1000;898;7072;0;Drama
Friends with Benefits;55802754;35000000;109;2011;87;15000;3000;923;20956;2;Comedy
From Hell;31598308;35000000;122;2001;117;40000;1000;140;41636;1;Terror
From Justin to Kelly;4922166;12000000;90;2003;7;525;281;251;1445;2;Comedy
Frost/Nixon;18593156;35000000;122;2008;2000;2000;1000;1000;6161;1;Drama
Frozen River;2508841;1000000;97;2008;33;496;238;229;994;1;Drama
Fruitvale Station;16097842;900000;85;2013;0;282;270;88;687;0;Drama
Full Frontal;2506446;2000000;101;2002;0;8000;724;685;11327;0;Comedy
Fun with Dick and Jane;110332737;100000000;90;2005;23;957;550;233;1997;1;Comedy
Fur: An Imaginary Portrait of Diane Arbus;220914;16800000;122;2006;30;21000;3000;260;25173;2;Drama
Furry Vengeance;17596256;35000000;92;2010;16;3000;1000;734;6327;1;Comedy
Gangs of New York;77679638;100000000;216;2002;17000;29000;14000;1000;47657;3;Drama
Garfield;75367693;35000000;80;2004;12;13000;258;58;13430;0;Comedy
Get Hard;90353764;40000000;107;2015;164;8000;2000;723;12556;2;Comedy
Get on Up;30513940;30000000;139;2014;150;521;491;400;2060;0;Drama
Get Over It;11560259;22000000;87;2001;13;15000;4000;869;22485;1;Comedy
Get Rich or Die Tryin';30981850;40000000;117;2005;260;1000;1000;441;3969;0;Drama
Ghost Ship;30079316;35000000;91;2002;17;534;385;78;1083;0;Terror
Gigli;5660084;54000000;121;2003;102;117;62;43;286;0;Comedy
Glitter;4273372;22000000;104;2001;170;736;218;202;1854;1;Drama
Go for It!;178739;2450000;105;2011;29;847;618;76;1668;0;Drama
Goal! The Dream Begins;4280577;10000000;118;2005;41;722;580;577;2859;0;Drama
Gods and Generals;12870569;56000000;280;2003;33;789;640;67;1671;0;Drama
God's Not Dead 2;20773070;5000000;120;2016;18;634;420;295;1810;11;Drama
Gods of Egypt;31141074;140000000;126;2016;295;18000;934;284;19769;4;Action
Going the Distance;17797316;32000000;102;2010;8;839;730;472;2961;0;Comedy
Good Luck Chuck;35000629;25000000;101;2007;7;1000;562;440;2822;1;Comedy
"Good Night; and Good Luck,";31501218;7500000;93;2005;0;21000;650;566;22745;0;Drama
Gothika;59588068;40000000;98;2003;326;21000;534;416;22318;1;Terror
Gracie;2955039;9000000;95;2007;49;702;616;261;2007;1;Drama
Gran Torino;148085755;33000000;116;2008;16000;16000;601;198;17347;0;Drama
Green Lantern;116593191;200000000;123;2011;258;16000;368;326;17657;2;Action
Green Room;3219029;5000000;95;2015;57;727;442;233;1836;0;Terror
Gridiron Gang;38432823;30000000;125;2006;21;12000;2000;581;15811;1;Drama
Groove;1114943;500000;86;2000;7;328;27;17;407;0;Drama
Grown Ups;162001186;80000000;102;2010;221;12000;11000;4000;28497;4;Comedy
Grown Ups 2;133668525;80000000;101;2013;221;12000;11000;11000;39269;4;Comedy
Grudge Match;29802761;40000000;113;2013;88;22000;13000;785;36009;1;Comedy
Guardians of the Galaxy;333130696;170000000;121;2014;571;14000;14000;3000;32438;3;Action
Guess Who;67962333;35000000;105;2005;8;1000;358;278;2689;2;Comedy
Gun Shy;1631839;10000000;101;2000;3;14000;1000;826;17665;0;Comedy
Half Nelson;2694973;700000;106;2006;31;33000;519;71;33734;2;Drama
Hall Pass;45045037;36000000;111;2011;101;966;919;681;3393;3;Comedy
Halloween II;33386128;15000000;119;2009;0;908;764;593;3226;0;Terror
Hamlet 2;4881867;9000000;92;2008;26;1000;1000;611;3767;1;Comedy
Happy Feet;197992827;100000000;108;2006;750;49000;20000;971;70996;0;Comedy
Hardball;40219708;21000000;106;2001;48;18000;558;39;18630;3;Drama
Hart's War;19076815;60000000;125;2002;40;13000;787;407;15916;0;Drama
Head of State;37788228;35200000;95;2003;0;1000;812;642;4537;1;Comedy
Heartbreakers;40334024;35000000;123;2001;7;931;754;692;2912;3;Comedy
Heaven Is for Real;91443253;12000000;99;2014;130;399;116;79;663;0;Drama
Hercules;72660029;100000000;101;2014;420;12000;3000;467;16235;0;Action
Here on Earth;10494147;15000000;96;2000;4;989;841;670;3142;1;Drama
Hereafter;32741596;50000000;129;2010;16000;13000;563;447;14344;0;Drama
Hesher;382946;7000000;106;2010;58;23000;20000;973;44969;0;Drama
Hidalgo;67286731;100000000;136;2004;394;24000;10000;1000;36925;1;Action
Highlander: Endgame;12801190;15000000;101;2000;36;1000;786;377;2764;1;Action
Hitch;177575142;70000000;118;2005;72;10000;975;681;13426;1;Comedy
Hollywood Ending;4839383;16000000;112;2002;11000;11000;650;642;12766;0;Comedy
Home on the Range;50026353;110000000;76;2004;6;12000;513;421;13607;0;Comedy
Home Run;2859955;1200000;113;2013;29;890;848;449;2681;2;Drama
Honey;30222640;25000000;94;2003;23;2000;1000;582;4868;2;Drama
Hoodwinked Too! Hood vs, Evil;10134754;30000000;86;2011;6;1000;857;843;5393;0;Comedy
Horrible Bosses;117528646;35000000;106;2011;91;18000;464;64;18669;5;Comedy
Horrible Bosses 2;54414716;42000000;116;2014;51;18000;11000;465;30571;7;Comedy
Hostel;47277326;4800000;93;2005;0;1000;1000;581;2990;0;Terror
Hostel: Part II;17544812;10000000;94;2007;0;1000;683;658;4707;0;Terror
Hotel for Dogs;73023275;35000000;100;2009;87;3000;576;446;5174;4;Comedy
Hotel Transylvania;148313048;85000000;91;2012;266;12000;11000;11000;37142;2;Comedy
Hotel Transylvania 2;169692572;80000000;89;2015;266;12000;11000;859;26839;0;Comedy
House of 1000 Corpses;12583510;7000000;105;2003;0;1000;340;303;2444;0;Terror
House of Sand and Fog;13005485;15000000;126;2003;26;638;624;385;2282;0;Drama
How High;31155435;12000000;93;2001;58;995;729;722;6105;2;Comedy
How the Grinch Stole Christmas;260031035;123000000;110;2000;2000;1000;722;636;4146;0;Comedy
How to Be Single;46813366;38000000;110;2016;11;2000;756;591;4882;4;Comedy
How to Lose a Guy in 10 Days;105807520;50000000;116;2003;80;11000;1000;651;14087;2;Comedy
Hulk;132122995;137000000;138;2003;0;820;300;258;1814;0;Action
Hustle & Flow;22201636;8000000;116;2005;153;275;247;165;727;1;Drama
I Am Sam;40270895;22000000;132;2001;24;967;912;506;3152;0;Drama
I Don't Know How She Does It;9639242;24000000;89;2011;41;2000;1000;847;5470;0;Comedy
I Heart Huckabees;12784713;22000000;107;2004;737;6000;718;678;8094;11;Comedy
"I Love You; Man";71347010;40000000;105;2009;29;24000;4000;257;28928;2;Comedy
I Spit on Your Grave;92401;2000000;105;2010;68;635;445;374;2423;0;Terror
I Want Someone to Eat Cheese With;194568;1500000;80;2006;522;813;522;423;2179;0;Comedy
Identity;51475962;30000000;91;2003;446;1000;872;660;3969;0;Terror
Identity Thief;134455175;35000000;120;2013;91;4000;904;680;5826;2;Comedy
Idlewild;12549485;15000000;121;2006;16;907;585;526;3633;4;Drama
If I Stay;50461335;11000000;107;2014;15;17000;1000;602;20466;3;Drama
I'm Not There,;4001121;20000000;135;2007;162;23000;13000;228;36398;0;Drama
In the Bedroom;35918429;1700000;138;2001;143;1000;874;783;3970;1;Drama
Independence Day: Resurgence;102315545;165000000;120;2016;776;890;812;535;3233;0;Action
Indiana Jones and the Kingdom of the Crystal Skull;317011114;185000000;122;2008;14000;11000;1000;1000;14959;2;Action
Infamous;1150403;13000000;118;2006;41;2000;812;442;3474;4;Drama
Inside Llewyn Davis;13214255;11000000;104;2013;1000;3000;275;272;4082;1;Drama
Insidious;53991137;1500000;103;2010;0;852;618;588;3030;1;Terror
Insidious: Chapter 2;83574831;5000000;106;2013;0;852;618;482;2975;0;Terror
Interview with the Assassin;47329;750000;88;2002;168;108;72;21;243;0;Drama
Intolerable Cruelty;35096190;60000000;100;2003;0;436;399;210;1395;1;Comedy
Invictus;37479778;60000000;134;2009;16000;13000;11000;204;24458;1;Drama
Ira & Abby;220234;3500000;101;2006;0;827;729;681;3574;3;Comedy
Iron Man;318298180;140000000;126;2008;4000;21000;12000;4000;39252;3;Action
Iron Man 2;312057433;200000000;124;2010;4000;21000;19000;4000;48638;4;Action
Iron Man 3;408992272;200000000;195;2013;1000;21000;4000;3000;30426;3;Action
Isn't She Great;2954405;36000000;95;2000;31;944;886;450;2928;0;Comedy
It Follows;14673301;2000000;100;2014;421;314;189;159;1062;0;Terror
J, Edgar;37304950;35000000;137;2011;16000;29000;6000;363;36258;0;Drama
Jack and Jill;74158157;79000000;91;2011;221;14000;11000;553;27405;2;Comedy
Jack the Giant Slayer;65171860;195000000;114;2013;0;979;557;140;1766;1;Action
Jackass: The Movie;64267897;5000000;87;2002;79;608;362;218;1770;0;Comedy
Jay and Silent Bob Strike Back;30059386;22000000;104;2001;0;8000;1000;898;11632;5;Comedy
Jeepers Creepers II;35143332;17000000;104;2003;108;296;270;177;1340;0;Terror
Jersey Boys;47034272;40000000;134;2014;16000;880;413;235;2281;1;Drama
Joe;371897;4000000;117;2013;234;12000;1000;221;13607;2;Drama
John Carter;73058679;263700000;132;2012;475;640;632;530;1873;1;Action
Johnson Family Vacation;31179516;12000000;97;2004;4;1000;1000;826;5006;5;Comedy
Journey to the Center of the Earth;101702060;45000000;93;2008;40;14000;3000;311;17925;0;Action
Joy Ride;21973182;23000000;97;2001;131;23000;81;62;23242;2;Terror
Joyful Noise;30920167;25000000;118;2012;650;1000;773;715;3389;4;Comedy
Julie & Julia;94125426;40000000;123;2009;0;11000;935;923;13321;2;Drama
Jupiter Ascending;47375327;176000000;127;2015;0;17000;15000;13000;47334;1;Action
Just Go with It;103028109;80000000;117;2011;221;11000;3000;503;16325;1;Comedy
Just Like Heaven;48291624;58000000;95;2005;70;970;834;512;2876;1;Comedy
Just Married;56127162;18000000;95;2003;189;500;308;306;2020;2;Comedy
Just My Luck;17324744;28000000;103;2006;80;806;591;585;3211;3;Comedy
Kate & Leopold;47095453;48000000;123;2001;446;20000;1000;821;22209;1;Comedy
Kevin Hart: Let Me Explain;32230907;2500000;75;2013;15;1000;309;36;1385;0;Comedy
Kicking & Screaming;52580895;45000000;95;2005;58;14000;8000;3000;27351;1;Comedy
Kill Bill: Vol, 1;70098138;30000000;111;2003;16000;926;890;640;3983;0;Action
Killing Them Softly;14938570;15000000;97;2012;181;11000;820;748;14025;1;Terror
King's Ransom;4006906;15000000;95;2005;2;927;912;807;4990;7;Comedy
Kinsey;10214647;11000000;118;2004;386;14000;1000;812;17490;0;Drama
Kiss the Bride;31937;500000;100;2007;6;396;326;325;2310;3;Comedy
Kit Kittredge: An American Girl;17655201;10000000;101;2008;22;918;624;558;3317;1;Drama
Knocked Up;148734225;30000000;133;2007;0;11000;985;529;12874;2;Comedy
L!fe Happens;20186;930000;100;2011;28;945;756;501;2924;8;Comedy
L,I,E,;1141829;700000;97;2001;52;80;67;36;209;1;Drama
Labor Day;13362308;18000000;111;2013;655;24000;14000;405;39307;1;Drama
Lara Croft Tomb Raider: The Cradle of Life;65653758;95000000;117;2003;101;18000;11000;3000;33154;1;Action
Larry the Cable Guy: Health Inspector;15655665;4000000;89;2006;0;690;400;323;2135;2;Comedy
Last Vegas;63910583;28000000;105;2013;226;22000;11000;966;35694;2;Comedy
Leap Year;12561;19000000;100;2010;14;3000;547;356;4094;2;Comedy
Lee Daniels' The Butler;116631310;30000000;132;2013;304;15000;1000;898;20035;0;Drama
Legally Blonde;95001351;18000000;96;2001;126;2000;788;584;4380;1;Comedy
"Legally Blonde 2: Red; White & Blonde";89808372;45000000;95;2003;0;934;655;643;3500;2;Comedy
Les Misérables;148775460;61000000;158;2012;0;20000;13000;11000;46204;1;Drama
Let's Be Cops;82389560;17000000;104;2014;42;839;756;613;3627;1;Comedy
Letters to God;2848578;3500000;110;2010;13;439;399;221;1567;0;Drama
License to Wed;43792641;35000000;91;2007;42;49000;838;766;52566;3;Comedy
Life as a House;15561627;18000000;125;2001;34;16000;4000;1000;21622;0;Drama
Life or Something Like It;14448589;40000000;103;2002;65;11000;944;311;12566;2;Comedy
Lights Out;56536016;4900000;81;2016;26;2000;509;300;3344;0;Terror
Like Mike;51432423;30000000;99;2002;13;1000;889;837;3679;7;Comedy
Lincoln;182204440;65000000;150;2012;14000;23000;826;655;25517;0;Drama
Little Children;5459824;26000000;137;2006;143;14000;617;280;15337;0;Drama
Little Fockers;148383780;100000000;98;2010;80;22000;713;708;24082;10;Comedy
Little Nicky;39442871;80000000;90;2000;65;11000;11000;658;25190;0;Comedy
Littleman;58255287;64000000;98;2006;322;979;862;723;6334;1;Comedy
Lords of Dogtown;11008432;25000000;107;2005;308;13000;947;872;16651;0;Drama
Loser;15464026;20000000;98;2000;143;302;216;153;1189;2;Comedy
Lost in Translation;44566004;4000000;101;2003;0;19000;13000;11;32015;0;Drama
Love & Basketball;27441122;15000000;124;2000;107;1000;886;865;5135;0;Drama
Love Happens;22927390;18000000;109;2009;7;2000;980;827;4947;0;Drama
Love in the Time of Cholera;4584886;45000000;139;2007;179;267;202;50;538;0;Drama
Love the Coopers;26284475;17000000;107;2015;24;10000;566;85;10691;13;Comedy
"Lovely; Still";124720;5000000;90;2008;6;3000;1000;940;4987;0;Drama
Lucky You;5755286;55000000;124;2007;161;21000;3000;681;26334;1;Drama
Luminarias;428535;1000000;100;2000;0;844;625;268;2289;1;Comedy
Made of Honor;46012734;40000000;101;2008;10;1000;689;681;4298;2;Comedy
Maleficent;241407328;180000000;97;2014;171;11000;2000;846;15516;2;Action
Malibu's Most Wanted;34308901;16000000;86;2003;14;833;807;685;4435;3;Comedy
Mamma Mia!;143704210;52000000;108;2008;58;14000;11000;838;26002;1;Comedy
Man of Steel;291021565;225000000;143;2013;0;15000;3000;748;20495;0;Action
Marci X;1646664;20000000;80;2003;121;836;624;587;2467;2;Comedy
Margaret;46495;14000000;186;2011;50;13000;1000;338;14638;1;Drama
Marie Antoinette;15962471;40000000;123;2006;0;4000;887;826;7243;1;Drama
Marmaduke;33643461;50000000;87;2010;9;15000;2000;1000;20061;0;Comedy
Married Life;1506998;12000000;91;2007;60;60;46;18;141;4;Drama
Martin Lawrence Live: Runteldat;19184015;3000000;113;2002;9;71;65;12;159;1;Comedy
Max;42652003;20000000;111;2015;132;1000;465;455;2851;0;Action
Max Keeble's Big Move;17292381;12000000;91;2001;25;833;626;611;4551;0;Comedy
"McFarland; USA";44469602;17000000;129;2015;51;427;234;89;952;0;Drama
"Me; Myself & Irene";90567722;51000000;116;2000;101;889;624;79;1711;1;Comedy
Mean Creek;603943;500000;90;2004;9;710;634;595;2655;0;Drama
Mean Girls;86049418;17000000;97;2004;70;2000;1000;625;5032;4;Comedy
Meet the Fockers;279167575;80000000;106;2004;116;22000;713;708;24938;6;Comedy
Meet the Parents;166225040;55000000;108;2000;116;22000;713;708;24286;2;Comedy
Meet the Spartans;38232624;30000000;86;2008;82;869;759;362;3854;0;Comedy
Memento;25530884;9000000;113;2000;22000;716;651;379;1997;0;Terror
Memoirs of a Geisha;57010853;85000000;145;2005;252;879;691;210;2380;1;Drama
Men of Honor;48814909;32000000;129;2000;88;22000;9000;975;36069;0;Drama
Mi America;3330;2100000;125;2015;7;128;22;17;214;0;Drama
Milk;31838002;20000000;128;2008;835;11000;896;755;13189;1;Drama
Million Dollar Arm;36447959;25000000;124;2014;44;4000;774;367;6393;0;Drama
Million Dollar Baby;100422786;30000000;132;2004;16000;16000;11000;567;28830;1;Drama
Mindhunters;4476235;27000000;101;2004;212;1000;968;749;4186;0;Terror
Miracle;64371181;28000000;135;2004;149;639;617;250;1845;0;Drama
Miracles from Heaven;61693523;13000000;109;2016;36;3000;3000;579;7833;0;Drama
Mirrors;30691439;35000000;112;2008;192;1000;915;844;3185;0;Terror
Miss March;4542775;6000000;90;2009;138;373;308;263;1831;2;Comedy
Moms' Night Out;10429707;5000000;98;2014;10;589;416;402;2705;6;Comedy
Mona Lisa Smile;63695760;65000000;117;2003;179;8000;4000;403;12850;1;Drama
Moneyball;75605492;50000000;133;2011;152;22000;18000;11000;53094;1;Drama
Monkeybone;5409517;75000000;93;2001;253;3000;889;637;5580;0;Comedy
Monster's Ball;31252964;4000000;112;2001;395;13000;595;80;13707;1;Drama
Moonlight Mile;6830957;21000000;112;2002;52;15000;1000;347;16692;3;Drama
Mother and Child;1110286;4825000;125;2009;127;6000;941;798;8876;6;Drama
Moulin Rouge!;57386369;52500000;127;2001;1000;1000;691;653;2601;1;Drama
Movie 43;8828771;6000000;94;2013;0;20000;14000;3000;41059;10;Comedy
Mr, Deeds;126203320;50000000;96;2002;65;12000;11000;828;26826;1;Comedy
Mr, Popper's Penguins;68218041;55000000;94;2011;70;1000;549;497;2820;1;Comedy
Mud;21589307;10000000;130;2012;337;11000;1000;820;13960;1;Drama
Murder by Numbers;31874869;50000000;115;2002;58;33000;455;401;34606;0;Terror
Must Love Dogs;43894863;30000000;98;2005;30;944;940;664;4879;2;Comedy
My Best Friend's Girl;19151864;40000000;112;2008;41;1000;500;490;3301;3;Comedy
My Big Fat Greek Wedding;241437427;5000000;95;2002;38;567;312;249;1495;3;Comedy
My Big Fat Greek Wedding 2;59573085;18000000;94;2016;52;567;312;261;2259;10;Comedy
My Bloody Valentine;51527787;15000000;101;2009;71;10000;960;725;14159;0;Terror
My Boss's Daughter;15549702;14000000;90;2003;119;869;779;636;3007;2;Comedy
My Dog Skip;34099640;5000000;95;2000;13;1000;934;430;2515;0;Drama
My Life in Ruins;8662318;17000000;98;2009;80;567;503;399;2016;1;Comedy
My Name Is Bruce;173066;1500000;84;2007;0;634;328;158;1238;1;Comedy
My Sister's Keeper;49185998;30000000;109;2009;415;673;489;228;1775;2;Drama
My Soul to Take;14637490;25000000;107;2010;0;798;374;255;2537;2;Terror
Nanny McPhee;47124400;25000000;97;2005;52;14000;2000;579;17278;0;Comedy
Napoleon Dynamite;44540956;400000;92;2004;100;970;759;482;3950;0;Comedy
Neighbors;150056505;18000000;97;2014;89;920;798;329;2771;3;Comedy
Neighbors 2: Sorority Rising;55291815;35000000;92;2016;89;17000;329;190;17860;0;Comedy
Never Again;295468;500000;98;2001;71;22000;1000;658;24382;1;Comedy
New in Town;16699684;8000000;97;2009;3;24000;827;631;25792;1;Comedy
New Year's Eve;54540525;56000000;113;2011;0;22000;988;307;23456;15;Comedy
New York Minute;14018364;30000000;91;2004;29;976;799;762;3974;1;Comedy
Next Friday;57176582;9500000;98;2000;41;723;706;525;3939;1;Comedy
Nine;19673424;80000000;118;2009;252;529;48;30;619;4;Drama
No Good Deed;52543632;13200000;84;2014;12;1000;345;334;2297;2;Terror
No Strings Attached;70625986;25000000;108;2011;425;20000;962;766;22739;1;Comedy
North Country;18324242;35000000;126;2005;51;10000;9000;874;20563;4;Drama
Northfork;1420578;1900000;103;2003;35;548;495;482;2389;0;Drama
Not Another Teen Movie;37882551;16000000;99;2001;11;11000;983;971;15369;0;Comedy
Not Cool;35688;600000;93;2014;247;247;217;152;954;4;Comedy
Not Easily Broken;10572742;8000000;99;2009;1000;849;578;409;2269;1;Drama
Now You See Me;117698894;75000000;125;2013;255;11000;988;963;13312;6;Terror
Ocean's Eleven;183405771;85000000;116;2001;0;11000;1000;471;13028;4;Terror
Ocean's Thirteen;117144465;85000000;122;2007;0;14000;13000;11000;43499;3;Terror
Ocean's Twelve;125531634;110000000;125;2004;0;11000;8000;350;19359;0;Terror
Oculus;27689474;5000000;104;2013;59;972;407;202;2071;0;Terror
Old Dogs;49474048;35000000;88;2009;12;49000;1000;931;53370;2;Comedy
Old School;74608545;24000000;88;2003;480;8000;909;497;10325;4;Comedy
On the Line;4356743;16000000;85;2001;49;719;405;401;2446;2;Comedy
One Day;13766014;15000000;107;2011;92;11000;5000;358;17627;0;Drama
One Night with the King;13391174;20000000;123;2006;6;541;249;85;908;0;Drama
Open Range;58328680;22000000;139;2003;0;3000;693;648;5458;0;Drama
Ouija;50820940;5000000;89;2014;10;852;707;704;5056;0;Terror
Our Family Wedding;20246959;14000000;103;2010;44;953;849;625;3299;2;Comedy
Out Cold;13903262;11000000;89;2001;2;799;711;651;4291;0;Comedy
Over Her Dead Body;7563670;10000000;95;2008;4;939;702;655;3651;0;Comedy
Oz the Great and Powerful;234903076;215000000;130;2013;0;44000;15000;11000;73441;4;Action
P,S, I Love You;53680848;30000000;126;2007;98;18000;631;37;18726;1;Drama
Pacific Rim;101785482;190000000;131;2013;0;16000;968;919;19166;0;Action
Pan;34964818;150000000;111;2015;456;20000;548;394;21393;4;Action
Paranormal Activity 2;84749884;3000000;98;2010;21;438;332;189;1081;0;Terror
Paranormal Activity 3;104007828;5000000;94;2011;24;581;438;434;2371;0;Terror
Paranormal Activity 4;53884821;5000000;96;2012;24;235;119;113;799;0;Terror
Paranormal Activity: The Marked Ones;32453345;5000000;101;2014;52;510;358;332;2161;0;Terror
Parental Guidance;77264926;25000000;105;2012;99;3000;448;433;5740;5;Comedy
Pathology;108662;8000000;95;2008;3;905;513;448;3185;0;Terror
Pay It Forward;33508922;40000000;123;2000;75;18000;3000;754;23920;2;Drama
Peeples;9123834;15000000;95;2013;24;931;539;426;3322;6;Comedy
Percy Jackson: Sea of Monsters;68558662;90000000;106;2013;87;8000;956;918;10882;0;Action
Phat Girlz;7059537;3000000;99;2006;18;939;407;233;2321;0;Comedy
Phone Booth;46563158;13000000;81;2002;541;991;465;328;2562;0;Terror
Pirates of the Caribbean: At World's End;309404152;300000000;169;2007;563;40000;5000;1000;48350;0;Action
Pirates of the Caribbean: Dead Man's Chest;423032628;225000000;151;2006;563;40000;5000;1000;48486;2;Action
Pirates of the Caribbean: On Stranger Tides;241063875;250000000;136;2011;252;40000;11000;1000;54083;4;Action
Pirates of the Caribbean: The Curse of the Black Pearl;305388685;140000000;143;2003;563;40000;5000;1000;48184;3;Action
Pitch Perfect;64998368;17000000;112;2012;36;10000;751;746;12676;4;Comedy
Pitch Perfect 2;183436380;29000000;115;2015;0;10000;1000;751;13159;8;Comedy
Playing for Keeps;13101142;35000000;105;2012;125;18000;2000;2000;23122;5;Comedy
Pollock;8596914;6000000;122;2000;0;697;394;221;1517;0;Drama
Post Grad;6373693;15000000;88;2009;96;24000;971;360;25637;1;Comedy
Precious;47536959;10000000;109;2009;304;940;906;736;3277;0;Drama
Prince of Persia: The Sands of Time;90755643;200000000;116;2010;179;15000;567;236;16149;2;Action
Princess Kaiulani;883887;9000000;97;2009;3;679;537;204;1426;3;Drama
Project X;54724272;12000000;93;2012;166;971;329;281;2043;0;Comedy
Prom Night;43818159;20000000;89;2008;29;2000;690;458;4867;0;Terror
Promised Land;7556708;15000000;106;2012;835;13000;826;363;14544;1;Drama
Public Enemies;97030725;100000000;140;2009;0;40000;23000;1000;64599;1;Drama
Rabbit Hole;2221809;5000000;91;2010;263;967;289;192;1582;0;Drama
Radio;52277485;35000000;109;2003;19;1000;762;568;4231;1;Drama
Ratatouille;206435493;150000000;111;2007;663;1000;1000;954;4764;0;Comedy
Ray;75305995;40000000;178;2004;138;904;876;748;5074;0;Drama
Ready to Rumble;12372410;24000000;107;2000;48;1000;957;940;4971;1;Comedy
Red Eye;57859105;26000000;85;2005;0;332;285;178;1090;0;Terror
Red Riding Hood;37652565;42000000;100;2011;308;10000;2000;913;15369;2;Terror
Redacted;65087;5000000;90;2007;0;343;29;15;408;0;Terror
Redbelt;2344847;7000000;99;2008;342;1000;518;501;2158;0;Drama
Reign Over Me;19661987;20000000;124;2007;57;11000;3000;905;17050;2;Drama
Religulous;12995673;2500000;101;2008;119;334;4;0;338;1;Comedy
Remember Me;19057024;16000000;113;2010;47;21000;541;238;22088;0;Drama
Remember the Titans;115648585;30000000;120;2000;132;33000;18000;1000;54877;1;Drama
Reno 911!: Miami;20339754;10000000;84;2007;134;655;651;307;2737;2;Comedy
Rent;29077547;40000000;135;2005;0;3000;1000;715;5917;1;Drama
Requiem for a Dream;3609278;4500000;102;2000;0;1000;1000;167;2235;0;Drama
Resurrecting the Champ;3169424;13000000;112;2007;37;748;573;548;2417;1;Drama
Revolutionary Road;22877808;35000000;119;2008;0;29000;14000;10000;53895;0;Drama
Road Hard;105943;1500000;98;2015;102;563;485;360;2628;0;Comedy
Road Trip;68525609;15600000;94;2000;480;1000;490;486;3889;5;Comedy
Rock Star;16991902;57000000;105;2001;65;628;316;108;1265;0;Drama
Rocky Balboa;70269171;24000000;139;2006;13000;13000;683;461;15111;0;Drama
Rollerball;18990542;70000000;98;2002;323;1000;841;390;2763;3;Action
Rosewater;3093491;5000000;103;2014;593;374;362;241;1283;0;Drama
Runner Runner;19316646;30000000;88;2013;65;3000;697;681;5706;3;Terror
Save the Last Dance;91038276;13000000;112;2001;49;656;363;237;1307;0;Drama
Saving Silverman;19351569;22000000;96;2001;221;240;226;110;664;1;Comedy
Saw;55153403;1200000;103;2004;0;2000;878;651;5161;0;Terror
Saw II;87025093;4000000;95;2005;163;1000;654;651;4134;0;Terror
Saw III;80150343;10000000;121;2006;163;723;651;482;3189;0;Terror
Saw IV;63270259;10000000;96;2007;163;723;651;448;3492;0;Terror
Saw V;56729973;10800000;95;2008;43;3000;723;357;5286;0;Terror
Say It Isn't So;5516708;25000000;95;2001;6;849;841;248;2413;2;Comedy
Scary Movie 2;71277420;45000000;83;2001;322;1000;422;179;1645;7;Comedy
Scary Movie 3;110000082;48000000;84;2003;119;807;780;750;3629;7;Comedy
Scary Movie 4;90703745;45000000;89;2006;119;2000;869;807;5855;8;Comedy
Scary Movie 5;32014289;20000000;88;2013;92;31000;881;636;34319;8;Comedy
School for Scoundrels;17803796;20000000;108;2006;480;970;931;579;4374;1;Comedy
School of Rock;81257845;35000000;108;2003;0;2000;931;487;4403;1;Comedy
Scream 3;89138076;40000000;116;2000;0;287;157;71;600;4;Terror
Scream 4;38176892;40000000;111;2011;0;2000;741;687;4486;0;Terror
Screwed;6982680;10000000;81;2000;25;931;744;654;3848;0;Comedy
Seabiscuit;120147445;87000000;140;2003;378;12000;947;599;13808;0;Drama
Secret Window;47781388;40000000;96;2004;192;40000;534;501;41293;1;Terror
Secretariat;59699513;35000000;123;2010;130;826;638;426;2259;0;Drama
Semi-Pro;33472850;55000000;99;2008;3;8000;509;490;10026;3;Comedy
Serendipity;49968653;28000000;82;2001;23;11;9;6;37;0;Comedy
Session 9;373967;1500000;100;2001;122;210;148;83;469;0;Terror
Seven Pounds;69951824;55000000;123;2008;125;10000;3000;835;14727;1;Drama
Seventh Son;17176900;95000000;102;2014;44;12000;3000;766;17098;4;Action
Sex Tape;38543473;40000000;94;2014;52;683;392;214;1488;2;Comedy
Shade;10696;6800000;101;2003;0;240;83;83;490;8;Terror
Shark Night 3D;18860403;25000000;90;2011;160;963;936;852;4952;0;Terror
Shattered Glass;2207975;6000000;99;2003;53;4000;3000;491;8297;0;Drama
Sherrybaby;198407;2000000;96;2006;38;363;223;85;774;1;Drama
She's Out of My League;31584722;20000000;104;2010;14;2000;934;756;5707;1;Comedy
She's the Man;33687630;20000000;105;2006;99;17000;1000;960;20109;0;Comedy
Shorts;20916309;40000000;89;2009;0;87000;570;470;88422;4;Comedy
Shutter;25926543;8000000;90;2008;5;449;332;297;1534;1;Terror
Shutter Island;127968405;80000000;138;2010;17000;29000;223;163;29585;0;Terror
Sicko;24530513;9000000;123;2007;909;909;203;184;1633;1;Drama
Sin City;74098862;40000000;147;2005;436;3000;472;175;3924;1;Terror
Sinister;48056940;3000000;110;2012;301;1000;419;412;2239;0;Terror
Sinister 2;27736779;10000000;97;2015;11;1000;412;220;2403;0;Terror
Sleepover;8070311;10000000;89;2004;18;7000;2000;2000;13626;9;Comedy
Small Time Crooks;17071230;18000000;94;2000;11000;11000;11000;975;23283;0;Comedy
Someone Like You,,,;27338033;23000000;97;2001;956;20000;551;99;20798;3;Comedy
Son of God;59696176;22000000;170;2014;25;329;134;55;775;1;Drama
Son of the Mask;17010646;84000000;94;2005;6;490;294;227;1195;0;Comedy
Song One;20200;6000000;86;2014;4;11000;485;444;12772;1;Drama
Songcatcher;3050934;1800000;109;2000;9;767;380;280;2187;1;Drama
Sorority Boys;10198766;12000000;93;2002;32;529;526;503;2393;3;Comedy
Sorority Row;11956207;16000000;101;2009;10;1000;668;472;3142;2;Terror
Soul Plane;13922211;16000000;92;2004;29;939;881;618;3935;9;Comedy
Soul Surfer;43853424;18000000;106;2011;80;2000;795;723;5024;1;Drama
Southpaw;52418902;30000000;124;2015;845;15000;1000;424;16881;0;Drama
Sparkle;24397469;17000000;116;2012;70;1000;876;706;5804;7;Drama
Speed Racer;43929341;120000000;135;2008;0;690;107;87;902;0;Action
Spider-Man;403706375;139000000;121;2002;0;24000;11000;4000;40484;0;Action
Spider-Man 2;373377893;200000000;135;2004;0;24000;11000;4000;43388;1;Action
Spider-Man 3;336530303;258000000;156;2007;0;24000;11000;4000;46055;0;Action
Spotlight;44988180;20000000;128;2015;310;745;168;77;1058;2;Drama
Spring Breakers;14123773;5000000;94;2012;520;11000;892;192;12306;4;Drama
Star Trek;257704099;150000000;127;2009;14000;26000;12000;981;39284;0;Action
Star Trek Into Darkness;228756232;190000000;132;2013;14000;19000;981;928;21411;0;Action
Star Wars: Episode II - Attack of the Clones;310675583;115000000;142;2002;0;20000;16000;4000;42990;3;Action
Star Wars: Episode III - Revenge of the Sith;380262555;113000000;140;2005;0;20000;16000;4000;44042;4;Action
Starsky & Hutch;88200225;60000000;101;2004;480;881;869;767;3943;5;Comedy
Stay Alive;23078294;9000000;75;2006;19;1000;934;806;3590;0;Terror
Stealing Harvard;13973532;25000000;85;2002;54;985;637;455;3065;1;Comedy
Step Brothers;100468793;65000000;106;2008;285;8000;3000;105;11264;2;Comedy
Step Up;65269010;12000000;104;2006;98;17000;2000;920;21380;0;Drama
Step Up 2: The Streets;58006147;23000000;98;2008;209;158;152;129;816;2;Drama
Step Up 3D;42385520;30000000;107;2010;209;2000;594;357;4059;0;Drama
Step Up Revolution;35057332;33000000;99;2012;35;3000;594;433;4863;0;Drama
Still Alice;18656400;5000000;101;2014;25;17000;2000;423;19673;1;Drama
Stolen Summer;119841;1500000;91;2002;18;954;767;597;3901;1;Drama
Stomp the Yard;61356221;14000000;109;2007;41;997;826;748;3544;0;Drama
Stonewall;186354;13500000;129;2015;776;25000;463;256;26176;0;Drama
Stop-Loss;10911750;25000000;112;2008;108;23000;17000;2000;43560;2;Drama
Straight Outta Compton;161029270;28000000;167;2015;473;559;427;303;2702;0;Drama
Stuck on You;33828318;55000000;118;2003;101;13000;390;327;14036;2;Comedy
Sucker Punch;36381716;82000000;128;2011;0;4000;2000;826;7067;4;Action
Sunshine State;3064356;5600000;141;2002;407;688;659;501;2584;6;Drama
Superbad;121463226;20000000;119;2007;99;15000;833;778;17584;2;Comedy
Superman Returns;200069408;209000000;169;2006;0;18000;10000;903;29991;0;Action
"Surfer; Dude";36497;6000000;85;2008;0;11000;826;499;14599;0;Comedy
Surf's Up;58867694;100000000;85;2007;9;12000;11000;970;25590;0;Comedy
Survival of the Dead;101055;4000000;90;2009;0;648;529;231;1951;0;Terror
Sweet Home Alabama;127214072;38000000;108;2002;72;982;935;559;4251;1;Comedy
Sweet November;25178165;40000000;119;2001;7;18000;9000;903;29484;1;Drama
Sydney White;11702090;16500000;108;2007;18;714;701;433;2785;2;Comedy
Take the Lead;34703228;30000000;118;2006;3;1000;712;439;3797;0;Drama
Tammy;84518155;20000000;100;2014;265;989;830;265;2654;0;Comedy
Tanner Hall;5005;3000000;96;2009;15;433;396;357;1929;2;Drama
Teacher's Pet;6491350;10000000;74;2004;0;886;808;719;5139;0;Comedy
Ted;218628680;50000000;112;2012;3000;15000;3000;1000;21773;1;Comedy
Ted 2;81257500;68000000;125;2015;3000;14000;11000;3000;30010;0;Comedy
Terminator 3: Rise of the Machines;150350192;200000000;109;2003;84;648;284;191;1769;0;Action
Terminator Genisys;89732035;155000000;126;2015;230;24000;10000;2000;38873;2;Action
Terminator Salvation;125320003;200000000;118;2009;368;23000;3000;988;27468;0;Action
Texas Chainsaw 3D;34334256;11000000;92;2013;34;383;333;322;1945;0;Terror
That Awkward Moment;26049082;8000000;94;2014;19;363;342;117;1024;3;Comedy
That's My Boy;36931089;70000000;116;2012;51;11000;3000;622;16484;2;Comedy
The 40-Year-Old Virgin;109243478;26000000;133;2005;0;7000;966;218;8341;1;Comedy
The 5th Quarter;399611;6000000;90;2010;11;767;529;316;2370;2;Drama
The Adventures of Sharkboy and Lavagirl 3-D;39177541;50000000;93;2005;0;12000;722;717;14899;1;Action
The Age of Adaline;42478175;25000000;112;2015;43;11000;2000;1000;15327;1;Drama
The Alamo;22406362;107000000;137;2004;102;2000;973;877;5780;0;Drama
The Amazing Spider-Man;262030663;230000000;153;2012;464;15000;10000;963;28489;0;Action
The Amazing Spider-Man 2;202853933;200000000;142;2014;464;15000;10000;825;28631;0;Action
The Apparition;4930798;17000000;83;2012;57;465;152;62;730;1;Terror
The Assassination of Jesse James by the Coward Robert Ford;3904982;30000000;160;2007;181;11000;10000;820;22516;0;Drama
The Avengers;623279547;220000000;173;2012;0;26000;21000;19000;87697;3;Action
The Aviator;102608827;110000000;170;2004;17000;29000;3000;827;34582;0;Drama
The Back-up Plan;37481242;35000000;104;2010;16;1000;700;584;3356;0;Comedy
The Ballad of Jack and Rose;712294;1500000;112;2005;58;552;265;42;859;1;Drama
The Beaver;958319;21000000;91;2011;0;34000;242;220;34705;0;Drama
The Believer;406035;1500000;98;2001;21;33000;243;76;33441;0;Drama
The Benchwarmers;57651794;33000000;75;2006;221;11000;970;553;13125;2;Comedy
The Best of Me;26761283;26000000;118;2014;97;775;523;437;3197;0;Drama
The Big Bounce;6471394;50000000;88;2004;5;11000;387;338;11972;5;Comedy
The Big Wedding;21784432;35000000;89;2013;16;49000;22000;2000;74181;8;Comedy
The Big Year;7204138;41000000;100;2011;64;734;574;296;2085;0;Comedy
The Blind Side;255950375;29000000;129;2009;102;768;734;624;3389;0;Drama
"The Book of Mormon Movie; Volume 1: The Journey";1098224;2000000;120;2003;0;178;69;40;359;1;Action
The Book Thief;21483154;19000000;131;2013;33;876;526;326;1985;1;Drama
The Boss;63034755;29000000;99;2016;265;22000;779;265;23562;1;Comedy
The Boy;35794166;10000000;97;2016;19;4000;334;130;4687;0;Terror
The Boy Next Door;35385560;4000000;91;2015;357;3000;465;326;4807;1;Terror
The Brothers Solomon;900926;10000000;93;2007;0;966;799;622;3307;2;Comedy
The Brown Bunny;365734;10000000;93;2003;787;787;96;0;883;0;Drama
The Cabin in the Woods;42043633;30000000;95;2012;246;26000;821;751;29551;0;Terror
The Call;51872378;13000000;94;2013;122;873;461;383;2812;0;Terror
The Campaign;86897182;95000000;85;2012;116;8000;331;329;9271;0;Comedy
The Change-Up;37035845;52000000;118;2011;71;16000;10000;634;28045;2;Comedy
The Chronicles of Narnia: Prince Caspian;141614023;225000000;150;2008;80;22000;216;201;22697;4;Action
"The Chronicles of Narnia: The Lion; the Witch and the Wardrobe";291709845;180000000;150;2005;80;1000;190;82;1317;5;Action
The Chronicles of Narnia: The Voyage of the Dawn Treader;104383624;155000000;113;2010;150;531;82;59;764;4;Action
The Conjuring;137387272;20000000;112;2013;0;6000;960;697;9049;0;Terror
The Conjuring 2;102310175;40000000;134;2016;0;1000;575;336;2676;0;Terror
The Conspirator;11538204;25000000;122;2010;0;18000;1000;939;21163;0;Drama
The Cooler;8243880;3200000;101;2003;47;658;636;407;3086;1;Drama
The Country Bears;16988996;35000000;88;2002;0;3000;968;939;8189;1;Comedy
The Crazies;39103378;20000000;101;2010;42;991;894;219;2609;0;Terror
The Crew;13019253;23000000;88;2000;12;327;281;249;1509;4;Comedy
The Curious Case of Benjamin Button;127490802;150000000;166;2008;21000;11000;1000;919;13333;2;Drama
The Da Vinci Code;217536138;125000000;174;2006;2000;15000;574;362;16008;2;Terror
The Devil Inside;53245055;1000000;83;2012;19;403;169;128;988;0;Terror
The Devil's Rejects;16901126;7000000;109;2005;0;1000;649;597;3544;0;Terror
The Diary of a Teenage Girl;1477002;2000000;102;2015;22;10000;1000;80;11184;3;Drama
The Dictator;59617068;65000000;99;2012;119;600;346;174;1375;0;Comedy
The DUFF;34017854;8500000;101;2015;17;35000;966;429;36892;4;Comedy
The Emperor's Club;14060950;12500000;109;2002;97;13000;795;355;14347;1;Drama
The Express;9589875;40000000;130;2008;39;2000;898;534;5162;0;Drama
The Extra Man;453079;7000000;108;2010;30;474;403;281;2029;4;Comedy
The Eye;31397498;12000000;92;2008;0;17000;527;451;18765;1;Terror
The Fault in Our Stars;124868837;12000000;133;2014;131;8000;1000;733;10565;0;Drama
The Fighter;93571803;25000000;116;2010;737;23000;238;141;23811;2;Drama
The Final Destination;66466372;40000000;82;2009;160;164000;137000;748;303717;0;Terror
The Five-Year Engagement;28644770;30000000;131;2012;89;2000;401;372;3479;2;Comedy
The Forbidden Kingdom;25040293;55000000;104;2008;50;5000;962;947;7247;0;Action
The Forest;26583369;10000000;93;2016;4;533;35;4;578;1;Terror
The Forsaken;6755271;5000000;90;2001;23;847;591;560;3004;4;Terror
The Game of Their Lives;375474;20000000;101;2005;25;18000;723;407;20354;0;Drama
The Game Plan;90636983;22000000;110;2007;99;12000;941;835;15170;0;Comedy
The Gift;43771291;5000000;108;2015;0;1000;562;458;3215;1;Terror
The Golden Compass;70083519;180000000;113;2007;129;16000;6000;1000;24106;2;Action
The Good Girl;14015786;5000000;93;2002;44;15000;11000;596;27646;3;Drama
The Good Guy;100503;8000000;90;2009;0;806;690;617;3124;2;Comedy
The Great Debaters;30226144;15000000;126;2007;18000;18000;2000;697;22745;1;Drama
The Greatest;115862;6000000;96;2009;19;1000;943;71;2163;2;Drama
The Greatest Movie Ever Sold;638476;1500000;90;2011;293;16000;14000;808;32405;1;Comedy
The Grudge;110175871;10000000;98;2004;70;4000;1000;634;7461;0;Terror
The Grudge 2;39143839;20000000;137;2006;70;4000;884;464;5746;0;Terror
The Hammer;442638;850000;88;2007;0;465;140;102;897;1;Comedy
The Hangover;277313371;35000000;108;2009;480;14000;839;706;17623;3;Comedy
The Hangover Part II;254455986;80000000;102;2011;480;14000;670;461;16143;0;Comedy
The Hebrew Hammer;19539;1000000;87;2003;4;2000;1000;624;6227;1;Comedy
The Help;169705587;25000000;146;2011;150;15000;3000;2000;23227;2;Drama
The Hills Have Eyes;41777564;15000000;108;2006;192;1000;1000;580;4500;0;Terror
The Hills Have Eyes II;20801344;15000000;89;2007;7;919;557;399;2559;0;Terror
The Hobbit: An Unexpected Journey;303001229;180000000;182;2012;0;5000;972;773;9152;1;Action
The Hobbit: The Desolation of Smaug;258355354;225000000;186;2013;0;5000;972;773;9152;6;Action
The Holiday;63224849;85000000;138;2006;278;14000;3000;213;17423;3;Comedy
The Homesman;2428883;16000000;122;2014;0;883;596;567;2896;1;Drama
The Hours;41597830;25000000;114;2002;335;11000;577;530;12624;3;Drama
The House Bunny;48237389;25000000;97;2008;29;15000;852;816;18789;1;Comedy
The House of the Devil;100659;900000;95;2009;243;969;962;725;3833;0;Terror
The Hunger Games: Mockingjay - Part 2;281666058;160000000;137;2015;508;34000;22000;14000;81385;1;Action
The Iceman;1939441;10000000;106;2012;34;11000;11000;683;23187;1;Drama
The Ides of March;40962534;12500000;101;2011;0;33000;22000;1000;57077;1;Drama
The Immigrant;1984743;16000000;120;2013;115;10000;316;310;11019;3;Drama
The Incredible Burt Wonderstone;22525921;30000000;100;2013;35;12000;10000;7000;32094;4;Comedy
The Incredible Hulk;134518390;150000000;135;2008;255;3000;1000;882;5811;0;Action
The Innkeepers;77501;750000;101;2011;243;969;128;74;1252;0;Terror
The Internship;44665963;58000000;125;2013;189;1000;847;839;5081;2;Comedy
The Interview;6105175;44000000;112;2014;133;11000;392;365;12239;4;Comedy
The Invention of Lying;18439082;18500000;100;2009;0;3000;2000;985;7252;3;Comedy
The Judge;47105085;50000000;141;2014;71;21000;3000;3000;30183;1;Drama
The Kid;69688384;60000000;104;2000;226;13000;718;577;16452;1;Comedy
The Ladies Man;13592872;11000000;84;2000;71;8000;723;553;10982;1;Comedy
The Lake House;52320979;40000000;99;2006;18;18000;426;211;18693;0;Drama
The Last Airbender;131564731;150000000;103;2010;0;1000;756;346;2857;0;Action
The Last House on the Left;32721635;15000000;114;2009;29;956;878;616;3861;0;Terror
The Last Sin Eater;379643;2200000;117;2007;84;861;425;275;2161;0;Drama
The Last Song;62933793;20000000;107;2010;30;742;360;318;2341;1;Drama
The Last Witch Hunter;27356090;90000000;106;2015;42;14000;788;612;16922;0;Action
The League of Extraordinary Gentlemen;66462600;78000000;110;2003;45;1000;872;845;4714;3;Action
The Legend of Bagger Vance;30695227;60000000;126;2000;0;13000;10000;9000;34774;3;Drama
The Legend of Hercules;18821279;70000000;99;2014;212;576;358;182;1520;0;Action
The Living Wake;12055;500000;91;2007;0;472;185;170;1047;2;Comedy
The Lone Ranger;89289910;215000000;150;2013;563;40000;2000;1000;45757;1;Action
The Longest Ride;37432299;34000000;128;2015;88;989;970;954;3386;0;Drama
The Longest Yard;158115031;82000000;113;2005;88;11000;437;421;13693;11;Comedy
The Lost City;2483955;9600000;144;2005;0;786;228;195;1674;0;Drama
The Love Guru;32178777;62000000;87;2008;12;3000;966;645;6658;6;Comedy
The Lucky One;60443237;25000000;101;2012;96;713;220;204;1852;0;Drama
The Majestic;27796042;72000000;152;2001;0;940;826;745;4310;1;Drama
The Man with the Iron Fists;15608545;15000000;107;2012;561;746;561;353;2377;3;Action
The Master;16377274;32000000;144;2012;0;378;18;15;427;31;Drama
The Master of Disguise;40363530;16000000;80;2002;11;911;521;499;3058;2;Comedy
The Matrix Reloaded;281492479;150000000;138;2003;0;234;198;30;534;0;Action
The Men Who Stare at Goats;32416109;25000000;94;2009;293;18000;12000;939;32474;0;Comedy
The Merchant of Venice;3752725;18000000;131;2004;53;14000;871;548;16252;3;Drama
The Messenger;66637;6500000;105;2009;38;12000;712;706;14462;0;Drama
The Midnight Meat Train;73548;15000000;103;2008;129;14000;1000;1000;18639;0;Terror
The Mighty Macs;1889522;7000000;99;2009;2;1000;690;455;2589;2;Drama
The Missing Person;17580;1500000;95;2009;8;529;423;399;2749;3;Drama
The Mist;25592632;18000000;126;2007;0;2000;850;745;5371;0;Terror
The Monuments Men;78031620;70000000;118;2014;0;13000;13000;559;27674;7;Drama
The Mortal Instruments: City of Bones;31165421;60000000;130;2013;91;5000;2000;1000;10247;3;Terror
The Nativity Story;37617947;30000000;101;2006;308;446;224;206;966;0;Drama
The New Guy;28972187;13000000;92;2002;13;11000;489;301;12687;1;Comedy
The New World;12712093;30000000;150;2005;0;23000;909;855;27829;0;Drama
The Night Listener;7825820;4000000;81;2006;5;49000;780;710;50831;0;Terror
The Notebook;64286;29000000;123;2004;415;33000;638;545;34495;0;Drama
The Number 23;35063732;32000000;98;2007;541;8000;912;897;10938;1;Terror
The Oogieloves in the Big Balloon Adventure;1064277;20000000;88;2012;12;979;532;231;1978;0;Action
The Original Kings of Comedy;38168022;3000000;115;2000;0;1000;436;360;1964;0;Comedy
The Other Woman;83906114;40000000;109;2014;415;982;971;119;2357;2;Comedy
The Others;96471845;17000000;101;2001;448;482;203;83;956;0;Terror
The Perfect Man;16247775;25000000;100;2005;15;1000;962;804;4789;3;Comedy
The Perfect Match;9658370;5000000;96;2016;23;927;509;503;3552;6;Comedy
The Perks of Being a Wallflower;17738570;13000000;102;2012;139;8000;3000;850;13631;2;Drama
The Possession;49122319;14000000;92;2012;30;941;459;309;2348;0;Terror
The Princess and the Frog;104374107;105000000;97;2009;63;852;578;525;2480;0;Comedy
The Princess Diaries;108244774;37000000;111;2001;0;11000;995;529;13645;2;Comedy
The Princess Diaries 2: Royal Engagement;95149435;40000000;113;2004;0;11000;1000;995;15362;2;Comedy
The Producers;19377727;45000000;134;2005;38;11000;8000;2000;24351;3;Comedy
The Pursuit of Happyness;162586036;55000000;117;2006;125;10000;617;168;11036;0;Drama
The R,M,;1111615;500000;101;2003;0;69;34;17;155;0;Comedy
The Raven;16005978;26000000;110;2012;160;771;570;427;2356;1;Terror
The Reader;34180954;32000000;124;2008;335;14000;388;50;14504;0;Drama
The Reaping;25117498;40000000;99;2007;81;327;253;135;960;0;Terror
The Replacements;44737059;50000000;118;2000;41;18000;4000;585;24024;1;Comedy
The Rocker;6409206;15000000;102;2008;11;15000;14000;1000;33153;4;Comedy
The Rookie;75597042;20000000;127;2002;102;2000;1000;1000;6657;0;Drama
The Ruins;17427926;8000000;93;2008;27;960;664;49;1749;0;Terror
The Runaways;3571735;10000000;106;2010;50;17000;908;741;21711;2;Drama
The Santa Clause 2;139225854;60000000;104;2002;54;901;857;775;5265;0;Comedy
The Secret Life of Bees;37766350;11000000;110;2008;107;664;551;549;3376;5;Drama
The Shaggy Dog;61112916;50000000;98;2006;48;21000;936;722;24664;0;Comedy
The Shipping News;11405825;35000000;111;2001;529;18000;826;505;19805;3;Drama
The Skeleton Key;47806295;43000000;104;2005;34;545;351;280;1274;0;Terror
The Slaughter Rule;13134;500000;112;2002;12;33000;1000;699;35294;2;Drama
The Social Network;96917897;40000000;120;2010;21000;10000;349;81;10555;0;Drama
The Sorcerer's Apprentice;63143812;150000000;109;2010;226;12000;418;370;13388;0;Action
The Spiderwick Chronicles;71148699;90000000;107;2008;70;770;419;330;1614;0;Action
The Sweetest Thing;24430272;43000000;90;2002;16;44;28;16;132;3;Comedy
The Ten;766487;5250000;96;2007;136;4000;543;139;4883;4;Comedy
The Texas Chainsaw Massacre: The Beginning;39511038;16000000;83;2006;473;20000;4000;597;26402;0;Terror
The Time Machine;56684819;80000000;96;2002;25;891;639;102;1919;0;Action
The To Do List;3447339;1500000;104;2013;38;801;727;690;2667;7;Comedy
The Tree of Life;13303319;32000000;139;2011;0;11000;1000;687;13021;0;Drama
The Ugly Truth;88915214;38000000;96;2009;126;18000;957;954;22436;2;Comedy
The Vatican Tapes;1712111;8495000;91;2015;83;3000;1000;794;7875;0;Terror
The Virginity Hit;535249;3400000;86;2010;10;189;131;126;768;0;Comedy
The Visit;65069140;5000000;94;2015;0;432;309;99;1010;0;Terror
The Vow;125014030;30000000;104;2012;23;17000;359;281;18322;0;Drama
The Wash;10097096;4000000;93;2001;69;522;231;69;955;2;Comedy
The Watcher;28927720;33000000;97;2000;10;18000;223;178;18688;0;Terror
The Wedding Date;31585300;15000000;90;2005;6;1000;650;458;2666;0;Comedy
The Whole Nine Yards;57262492;24000000;98;2000;36;13000;2000;900;17582;4;Comedy
The Witch;25138292;3500000;92;2015;22;648;191;159;1122;0;Terror
The Work and the Glory;3347439;7500000;118;2004;0;373;266;249;1233;1;Drama
The Work and the Glory II: American Zion;2024854;6500000;100;2005;0;1000;373;266;1942;2;Drama
The Wrestler;26236603;6000000;109;2008;0;1000;245;120;1582;0;Drama
The Yellow Handkerchief;317040;15500000;102;2008;4;17000;13000;882;30978;1;Drama
The Young Messiah;6462576;18500000;111;2016;19;241;118;107;824;0;Drama
There Will Be Blood;40218903;25000000;158;2007;0;272;111;104;533;0;Drama
They;12693621;17000000;89;2002;11;1000;982;973;4060;0;Terror
Things We Lost in the Fire;2849142;16000000;118;2007;369;1000;418;295;1889;1;Drama
Think Like a Man;91547205;12000000;122;2012;167;997;966;807;5165;8;Comedy
Think Like a Man Too;65182182;24000000;106;2014;167;966;807;676;4830;8;Comedy
Thir13en Ghosts;41867960;20000000;91;2001;17;1000;795;670;3023;0;Terror
Thirteen;4599680;1500000;100;2003;308;1000;482;374;2186;2;Drama
Thirteen Conversations About One Thing;3287435;4500000;104;2001;11;11000;813;194;12250;2;Drama
This Is 40;67523385;35000000;134;2012;0;529;130;120;1050;2;Comedy
This Is the End;101470202;32000000;107;2013;133;17000;11000;9000;38751;6;Comedy
Thor;181015141;150000000;115;2011;0;26000;20000;12000;60059;1;Action
Thor: The Dark World;206360018;170000000;112;2013;230;26000;20000;12000;59803;3;Action
Tim and Eric's Billion Dollar Movie;200803;3000000;93;2012;78;536;317;197;1467;3;Comedy
Timeline;19480739;80000000;116;2003;503;23000;18000;982;43887;0;Action
To Rome with Love;16684352;17000000;112;2012;11000;385;223;159;1205;0;Comedy
To Save a Life;3773863;1000000;120;2009;3;984;801;234;2563;1;Drama
Tomcats;13558739;11000000;95;2001;5;1000;660;443;2729;0;Comedy
Top Five;25277561;12000000;102;2014;0;3000;966;555;5592;10;Comedy
Transformers;318759914;150000000;144;2007;0;662;599;581;2333;0;Action
Transformers: Age of Extinction;245428137;210000000;165;2014;0;974;956;808;3988;2;Action
Transformers: Dark of the Moon;352358779;195000000;154;2011;0;894;829;581;2593;2;Action
Transformers: Revenge of the Fallen;402076689;200000000;150;2009;0;894;581;464;3218;0;Action
TRON: Legacy;172051787;170000000;125;2010;364;12000;10000;1000;25550;0;Action
Troy;133228348;175000000;196;2004;249;11000;5000;844;17944;2;Action
Trucker;52166;2000000;90;2008;7;87000;781;711;89263;3;Drama
Tuck Everlasting;19158074;15000000;90;2002;13;882;874;613;2661;2;Drama
Twilight;191449475;37000000;122;2008;308;17000;12000;10000;44060;1;Drama
Two Can Play That Game;22235901;6000000;90;2001;7;939;890;405;2815;2;Comedy
Two Lovers;3148482;12000000;110;2008;115;812;580;103;1540;0;Drama
Two Weeks Notice;93307796;60000000;101;2002;30;1000;976;268;2636;2;Comedy
Unbroken;115603980;65000000;137;2014;11000;769;698;465;2938;0;Drama
Unfinished Business;10214013;35000000;91;2015;31;1000;249;141;1564;2;Comedy
Unfriended;31537320;1000000;83;2014;6;707;305;142;1565;0;Terror
Up in the Air;83813460;25000000;108;2009;655;24000;10000;940;35209;0;Drama
Urban Legends: Final Cut;21468807;14000000;97;2000;83;912;786;579;2682;2;Terror
Valentine;20384136;10000000;96;2001;9;690;533;448;2402;1;Terror
Valentine's Day;110476776;52000000;125;2010;0;14000;12000;11000;45696;12;Comedy
Valley of the Heart's Delight;118666;2500000;100;2006;10;655;157;107;1064;7;Drama
Vampires Suck;36658108;20000000;82;2010;82;759;401;354;2898;7;Comedy
Vanity Fair;16123851;23000000;141;2004;300;805;539;73;1618;2;Drama
W,;25517500;25100000;129;2008;0;2000;826;655;4264;1;Drama
Waiting,,,;16101109;3000000;94;2005;6;16000;1000;804;19957;3;Comedy
Walk Hard: The Dewey Cox Story;18317151;35000000;120;2007;52;553;214;134;1082;1;Comedy
Walk the Line;119518352;28000000;153;2005;446;523;405;154;1383;0;Drama
Walking Tall;45860039;56000000;86;2004;10;12000;795;348;14146;1;Action
Wall Street: Money Never Sleeps;52474616;70000000;136;2010;0;903;592;17;1579;2;Drama
War Horse;79883359;66000000;146;2011;14000;25000;19000;979;46726;1;Drama
Warcraft;46978995;160000000;123;2016;0;3000;716;648;5505;0;Action
Warrior;13651662;25000000;140;2011;149;27000;798;581;29692;1;Drama
Water for Elephants;58700247;38000000;120;2011;508;21000;11000;1000;36062;1;Drama
We Are Marshall;43532294;65000000;131;2006;368;11000;529;383;12088;0;Drama
Welcome to Collinwood;333976;12000000;86;2002;94;693;534;146;1373;0;Comedy
Welcome to Mooseport;14469428;26000000;110;2004;80;826;590;509;2466;2;Comedy
We're the Millers;150368971;37000000;118;2013;43;740;707;651;3425;4;Comedy
What Happens in Vegas;80276912;35000000;101;2008;12;642;171;149;1026;2;Comedy
What Women Want;182805123;70000000;127;2000;278;2000;955;912;5838;1;Comedy
Whatever Works;5306447;15000000;92;2009;11000;860;658;386;2717;1;Comedy
What's the Worst That Could Happen?;32095318;45000000;94;2001;39;1000;611;506;3664;0;Comedy
What's Your Number?;13987482;20000000;117;2011;20;11000;904;783;15713;1;Comedy
When a Stranger Calls;47860214;15000000;87;2006;165;1000;431;383;2452;0;Terror
When the Game Stands Tall;30127963;15000000;115;2014;49;116;110;100;525;0;Drama
Whip It;13034417;15000000;111;2009;0;796;787;727;2633;1;Drama
Whiplash;13092000;3300000;107;2014;141;24000;970;535;26495;0;Drama
Whipped;4142507;3000000;82;2000;0;472;324;51;858;1;Comedy
White Chicks;69148997;37000000;109;2004;322;1000;960;861;6313;4;Comedy
White Oleander;16346122;16000000;109;2002;7;835;787;450;2572;0;Drama
Who's Your Caddy?;5694308;7000000;93;2007;70;692;585;442;3128;0;Comedy
Win a Date with Tad Hamilton!;16964743;24000000;95;2004;126;2000;989;886;4681;1;Comedy
Winter's Bone;6531491;2000000;100;2010;81;34000;248;179;34446;2;Drama
Witless Protection;4131640;7500000;97;2008;18;834;749;742;4091;2;Comedy
Woman on Top;5018450;8000000;92;2000;26;1000;905;417;2687;0;Comedy
Wrath of the Titans;83640426;150000000;99;2012;473;14000;897;502;16184;0;Action
Wrong Turn;15417771;12600000;84;2003;36;2000;683;648;3416;1;Terror
X-Men;157299717;75000000;104;2000;0;20000;764;505;21397;0;Action
X-Men: Apocalypse;154985087;178000000;144;2016;0;34000;13000;1000;49684;6;Action
X-Men: First Class;146405371;160000000;132;2011;905;34000;13000;1000;50983;3;Action
Yes Man;97680195;70000000;104;2008;235;14000;11000;1000;29505;1;Comedy
You Again;25677801;20000000;105;2010;99;2000;938;518;4813;6;Comedy
You Can Count on Me;9180275;1200000;111;2000;50;2000;710;612;4288;0;Drama
You Got Served;40066497;8000000;95;2004;548;389;363;360;1792;0;Drama
"You; Me and Dupree";75604320;54000000;110;2006;94;277;245;240;847;1;Comedy
Zack and Miri Make a Porno;31452765;24000000;101;2008;0;218;216;92;638;7;Comedy
Zookeeper;80360866;80000000;102;2011;153;3000;1000;269;5392;1;Comedy
Zoolander 2;28837115;50000000;102;2016;0;14000;8000;1000;24107;4;Comedy
Zoom;11631245;35000000;83;2006;12;2000;826;690;5022;5;Action
